{"frames": {

"poppy_idle1.png":
{
	"frame": {"x":62,"y":164,"w":62,"h":41},
	"rotated": false,
	"trimmed": false,
	"spriteSourceSize": {"x":0,"y":0,"w":62,"h":41},
	"sourceSize": {"w":62,"h":41}
},
"poppy_idle2.png":
{
	"frame": {"x":62,"y":123,"w":62,"h":41},
	"rotated": false,
	"trimmed": false,
	"spriteSourceSize": {"x":0,"y":0,"w":62,"h":41},
	"sourceSize": {"w":62,"h":41}
},
"poppywalk1.png":
{
	"frame": {"x":62,"y":164,"w":62,"h":41},
	"rotated": false,
	"trimmed": false,
	"spriteSourceSize": {"x":0,"y":0,"w":62,"h":41},
	"sourceSize": {"w":62,"h":41}
},
"poppywalk2.png":
{
	"frame": {"x":62,"y":82,"w":62,"h":41},
	"rotated": false,
	"trimmed": false,
	"spriteSourceSize": {"x":0,"y":0,"w":62,"h":41},
	"sourceSize": {"w":62,"h":41}
},
"poppywalk3.png":
{
	"frame": {"x":62,"y":41,"w":62,"h":41},
	"rotated": false,
	"trimmed": false,
	"spriteSourceSize": {"x":0,"y":0,"w":62,"h":41},
	"sourceSize": {"w":62,"h":41}
},
"poppywalk4.png":
{
	"frame": {"x":0,"y":164,"w":62,"h":41},
	"rotated": false,
	"trimmed": false,
	"spriteSourceSize": {"x":0,"y":0,"w":62,"h":41},
	"sourceSize": {"w":62,"h":41}
},
"poppywalk5.png":
{
	"frame": {"x":0,"y":123,"w":62,"h":41},
	"rotated": false,
	"trimmed": false,
	"spriteSourceSize": {"x":0,"y":0,"w":62,"h":41},
	"sourceSize": {"w":62,"h":41}
},
"poppywalk6.png":
{
	"frame": {"x":0,"y":82,"w":62,"h":41},
	"rotated": false,
	"trimmed": false,
	"spriteSourceSize": {"x":0,"y":0,"w":62,"h":41},
	"sourceSize": {"w":62,"h":41}
},
"poppywalk7.png":
{
	"frame": {"x":62,"y":0,"w":62,"h":41},
	"rotated": false,
	"trimmed": false,
	"spriteSourceSize": {"x":0,"y":0,"w":62,"h":41},
	"sourceSize": {"w":62,"h":41}
},
"poppywalk8.png":
{
	"frame": {"x":0,"y":41,"w":62,"h":41},
	"rotated": false,
	"trimmed": false,
	"spriteSourceSize": {"x":0,"y":0,"w":62,"h":41},
	"sourceSize": {"w":62,"h":41}
},
"poppywalk9.png":
{
	"frame": {"x":0,"y":0,"w":62,"h":41},
	"rotated": false,
	"trimmed": false,
	"spriteSourceSize": {"x":0,"y":0,"w":62,"h":41},
	"sourceSize": {"w":62,"h":41}
}},
"meta": {
	"app": "https://www.codeandweb.com/texturepacker",
	"version": "1.0",
	"image": "poppy_sheet.png",
	"format": "RGBA8888",
	"size": {"w":124,"h":205},
	"scale": "1",
	"smartupdate": "$TexturePacker:SmartUpdate:25e08f38bf8a8a83daef62aa8fe0ad77:4fd91fce2665d1137edcb402e855150a:cd212b300f119d0fbb83f7e46ceafbe8$"
}
}
